{
  "project_name": "llama-2-7b-finetune",
  "session_summary": {
    "total_energy_kwh": 0.00887953356988294,
    "total_co2_kg": 0.001484860980914816,
    "total_duration_seconds": 28.263356924057007,
    "total_samples": 768,
    "total_cost_usd": 0.0010655440283859527,
    "training_efficiency": 86491.02950687135
  },
  "performance_metrics": {
    "avg_power_watts": 1251.8262741513563,
    "avg_gpu_utilization": 86.66033744499259,
    "avg_renewable_ratio": 0.32128513959195387,
    "steps_completed": 24
  },
  "environmental_impact": {
    "car_km_equivalent": 0.006236416119842227,
    "trees_to_offset": 7.42430490457408e-05,
    "carbon_credit_cost_usd": 0.000371215245228704
  },
  "optimization_analysis": {
    "efficiency_trend": 5714.094228758663,
    "power_trend": 46.82662399547684,
    "co2_trend": -4.336462161060621e-06,
    "avg_efficiency": 90349.32428968618,
    "total_co2": 0.00030498699005365346,
    "optimization_score": 80.53076202282925
  },
  "recommendations": [
    {
      "priority": "MEDIUM",
      "category": "Hardware Optimization",
      "recommendation": "Enable mixed precision training (FP16) to reduce GPU power",
      "potential_savings": "20-30% power reduction",
      "complexity": "Low"
    },
    {
      "priority": "LOW",
      "category": "Scheduling",
      "recommendation": "Schedule training during low-carbon hours (renewable energy peak)",
      "potential_savings": "40-60% carbon reduction",
      "complexity": "Medium"
    }
  ],
  "detailed_metrics": [
    {
      "timestamp": 1754829838.3404279,
      "epoch": 2,
      "step": 7,
      "energy_kwh": 0.00034880024052036417,
      "co2_kg": 5.1928242172589784e-05,
      "power_watts": 1246.9128831320652,
      "duration_seconds": 1.1053483486175537,
      "samples_processed": 32,
      "gpu_utilization": 78.88924043185636,
      "cpu_utilization": 33.2445188740092,
      "memory_usage_gb": 22.73396099006602,
      "grid_carbon_intensity": 187.72506987955572,
      "renewable_energy_ratio": 0.20694269270251348,
      "training_efficiency": 91743.05600323039,
      "cost_usd": 4.18560288624437e-05
    },
    {
      "timestamp": 1754829840.148386,
      "epoch": 2,
      "step": 8,
      "energy_kwh": 0.0006492452812811695,
      "co2_kg": 7.704447977157791e-05,
      "power_watts": 1370.4506864473478,
      "duration_seconds": 1.8078982830047607,
      "samples_processed": 32,
      "gpu_utilization": 93.66733291771627,
      "cpu_utilization": 52.698106336837014,
      "memory_usage_gb": 13.74474528727883,
      "grid_carbon_intensity": 220.7670817158936,
      "renewable_energy_ratio": 0.4624753212031649,
      "training_efficiency": 49287.99780701328,
      "cost_usd": 7.790943375374034e-05
    },
    {
      "timestamp": 1754829840.7512586,
      "epoch": 3,
      "step": 1,
      "energy_kwh": 0.0001735233963391739,
      "co2_kg": 2.8365886834543603e-05,
      "power_watts": 1238.5995321726052,
      "duration_seconds": 0.6026508808135986,
      "samples_processed": 32,
      "gpu_utilization": 76.97709264436922,
      "cpu_utilization": 41.17895651124576,
      "memory_usage_gb": 12.351850210580574,
      "grid_carbon_intensity": 294.37888219168946,
      "renewable_energy_ratio": 0.44469488399913815,
      "training_efficiency": 184413.1723738963,
      "cost_usd": 2.082280756070087e-05
    },
    {
      "timestamp": 1754829842.7598987,
      "epoch": 3,
      "step": 2,
      "energy_kwh": 0.0006544634162834133,
      "co2_kg": 0.0001495810409096067,
      "power_watts": 1233.7240205194041,
      "duration_seconds": 2.008591651916504,
      "samples_processed": 32,
      "gpu_utilization": 82.83809403955111,
      "cpu_utilization": 31.90261569722157,
      "memory_usage_gb": 17.616363755837636,
      "grid_carbon_intensity": 314.69279437144166,
      "renewable_energy_ratio": 0.27371951115814797,
      "training_efficiency": 48895.01720619094,
      "cost_usd": 7.85356099540096e-05
    },
    {
      "timestamp": 1754829843.462805,
      "epoch": 3,
      "step": 3,
      "energy_kwh": 0.0002072758585817066,
      "co2_kg": 3.379843370866325e-05,
      "power_watts": 1228.9803727783321,
      "duration_seconds": 0.7028615474700928,
      "samples_processed": 32,
      "gpu_utilization": 87.79569691456777,
      "cpu_utilization": 57.43390486499827,
      "memory_usage_gb": 19.817493138522,
      "grid_carbon_intensity": 209.20982610398383,
      "renewable_energy_ratio": 0.220590359328184,
      "training_efficiency": 154383.63260903265,
      "cost_usd": 2.487310302980479e-05
    },
    {
      "timestamp": 1754829844.8686664,
      "epoch": 3,
      "step": 4,
      "energy_kwh": 0.00040170256008585095,
      "co2_kg": 6.944907164446704e-05,
      "power_watts": 1114.7910381420613,
      "duration_seconds": 1.4058129787445068,
      "samples_processed": 32,
      "gpu_utilization": 83.51987768507067,
      "cpu_utilization": 30.55698396388435,
      "memory_usage_gb": 11.36969521028269,
      "grid_carbon_intensity": 261.31984715352576,
      "renewable_energy_ratio": 0.3384092116765459,
      "training_efficiency": 79660.93119536265,
      "cost_usd": 4.8204307210302114e-05
    },
    {
      "timestamp": 1754829845.7868001,
      "epoch": 3,
      "step": 5,
      "energy_kwh": 0.0002909586212409663,
      "co2_kg": 5.2004701137735854e-05,
      "power_watts": 1275.1250687574345,
      "duration_seconds": 0.9180831909179688,
      "samples_processed": 32,
      "gpu_utilization": 82.96114942305057,
      "cpu_utilization": 57.59387271397394,
      "memory_usage_gb": 18.51963378787698,
      "grid_carbon_intensity": 309.7594955939349,
      "renewable_energy_ratio": 0.4229854740016161,
      "training_efficiency": 109981.27453146756,
      "cost_usd": 3.4915034548915954e-05
    },
    {
      "timestamp": 1754829847.192629,
      "epoch": 3,
      "step": 6,
      "energy_kwh": 0.00044827356754296614,
      "co2_kg": 6.396909228019318e-05,
      "power_watts": 1235.8293920131491,
      "duration_seconds": 1.4057550430297852,
      "samples_processed": 32,
      "gpu_utilization": 91.53873714729374,
      "cpu_utilization": 34.83969816051582,
      "memory_usage_gb": 16.885838508287215,
      "grid_carbon_intensity": 220.18758509853302,
      "renewable_energy_ratio": 0.3519116296295866,
      "training_efficiency": 71384.9807727797,
      "cost_usd": 5.3792828105155936e-05
    },
    {
      "timestamp": 1754829849.1293256,
      "epoch": 3,
      "step": 7,
      "energy_kwh": 0.0005818732938111258,
      "co2_kg": 9.159002716645119e-05,
      "power_watts": 1155.356660706855,
      "duration_seconds": 1.9366459846496582,
      "samples_processed": 32,
      "gpu_utilization": 78.7853913707123,
      "cpu_utilization": 52.2595658266159,
      "memory_usage_gb": 22.73723614078548,
      "grid_carbon_intensity": 198.23964160855513,
      "renewable_energy_ratio": 0.20598399047428884,
      "training_efficiency": 54994.79068786253,
      "cost_usd": 6.98247952573351e-05
    },
    {
      "timestamp": 1754829849.833041,
      "epoch": 3,
      "step": 8,
      "energy_kwh": 0.00023577147815892184,
      "co2_kg": 2.797409782480622e-05,
      "power_watts": 1408.8083621447354,
      "duration_seconds": 0.703665018081665,
      "samples_processed": 32,
      "gpu_utilization": 87.36376192568324,
      "cpu_utilization": 50.26580779514424,
      "memory_usage_gb": 18.39243702841359,
      "grid_carbon_intensity": 210.31003249009012,
      "renewable_energy_ratio": 0.4358366980228373,
      "training_efficiency": 135724.64426095845,
      "cost_usd": 2.829257737907062e-05
    }
  ]
}